"Name","Current","Month Prior","Quarter Prior","Change from Month Prior","Change from Quarter Prior"
"Currently Recession",0.0948764072767856,0.113610456296471,0.0294637438216087,-0.0187340490196854,0.0654126634551769
"Recession within 12 Months",0.91849852036426,0.821323085231447,0.866768381678025,0.097175435132813,0.0517301386862351
